latitude,longitude
49.0532,2.133
43.3684,5.35661
50.61,3.03764
48.1524,-0.403651
48.2969,-0.611258
46.6331,1.06403
44.561,6.49239
50.9398,1.89115
50.61,3.03764
48.9362,2.5106
43.5644,7.02376
43.7728,7.19309
47.7084,2.62321
43.8401,5.03799
49.208,1.15292
43.3684,5.35661
46.597,4.0576
14.4685,-60.9228
49.3566,5.99919
43.0952,-0.716466
43.6551,6.92154
47.221,5.96605
49.0945,5.62516
48.2292,-3.1933
48.6839,6.18941
48.7906,2.26152
44.8765,-0.523205
45.7175,4.91799
48.1139,-1.63823
48.8862,2.44059
48.8911,2.40652
48.3047,4.09398
48.0571,-1.73247
47.2154,5.97953
48.1193,-1.69203
48.7561,5.58283
49.5029,-1.46492
49.3422,5.39821
44.8139,-0.601105
-20.9658,55.3236
45.7609,4.83149
49.2141,5.63652
49.0399,2.07556
47.9335,2.92607
44.6351,-0.318002
47.8675,2.22114
48.6525,1.82661
47.389,0.682825
43.5596,1.42436
43.3111,5.40969
48.8978,2.32656
49.7617,4.69512
48.8387,2.36127
45.4391,-0.433836
49.2252,5.03723
48.1205,-1.70923
44.9358,1.8562
47.8666,2.12227
43.2959,5.37007
44.608,2.01456
44.7569,5.37011
48.8543,2.34773
48.8823,2.35126
48.262,2.70465
50.3006,2.74541
48.5433,7.49381
48.7352,7.06863
47.9938,2.72633
48.1193,-1.69234
48.2024,1.87735
43.5991,1.43651
45.678,0.235674
45.7421,4.89402
48.8502,2.38312
48.4119,2.6963
48.5145,-2.76577
48.9444,2.35676
45.8248,4.59858
46.9025,5.77478
49.7371,4.85412
48.7419,0.920467
48.3828,2.95396
47.4877,-0.591482
47.7998,1.06423
46.5623,3.33254
48.8428,2.40528
47.8542,3.98033
18.0731,-63.0828
48.0839,-4.31638
49.8144,4.74526
49.1125,2.4285
48.8054,2.57815
49.4626,4.11037
44.8408,-0.58246
43.3748,-0.343464
49.1142,2.22334
46.4292,5.7252
43.2713,5.40041
47.8594,1.90565
46.9975,5.14846
43.127,5.92529
47.4736,-1.76531
48.8991,2.33084
49.2719,1.21281
48.8603,2.38548
48.3735,2.82071
44.024,1.36153
48.6567,2.24157
48.4232,1.50613
48.958,2.86414
46.7943,1.70818
49.3467,0.514494
47.9966,0.220022
48.8946,2.22835
48.8657,2.40076
48.8302,2.53968
48.3495,1.99722
49.0271,1.58246
48.849,2.23711
49.1517,2.27652
48.9888,1.76737
48.8736,2.3652
16.224,-61.3842
48.7899,2.25372
48.9127,2.73114
48.9589,2.60219
48.0732,1.35214
45.6329,0.160234
47.081,2.39878
48.9105,2.3847
49.9255,4.52241
47.3002,5.01138
49.011,2.51474
49.0296,2.45643
48.4827,2.72222
43.6638,7.20187
48.1181,-1.70075
48.8786,2.40271
43.7005,1.8184
45.7391,0.389657
48.7934,2.64985
48.7962,2.44801
45.9022,6.12847
48.7936,2.44907
-20.9566,55.3355
47.3536,-0.445881
43.8465,6.22142
48.6922,2.29071
-20.9582,55.3263
48.9249,2.37454
47.1304,4.48283
48.8587,2.39079
47.2908,3.81534
-20.9863,55.3825
48.2927,2.43747
45.4784,4.36788
43.6741,4.62594
48.8039,2.39575
48.7948,2.36372
44.4771,4.22735
47.6649,4.73306
-12.7784,45.2283
46.141,6.32059
49.0723,5.42979
45.3162,4.72869
48.9432,3.13749
48.1531,-1.68513
48.5885,2.56739
48.712,2.2413
49.0239,1.13601
43.5518,6.96093
48.7667,1.19248
47.3814,0.698374
47.6716,1.24155
48.7733,-3.03561
45.8269,4.95731
48.9789,5.71484
48.8413,2.3001
43.6656,7.12703
48.5068,-2.74382
46.7095,-0.597003
45.3368,1.0516
48.8447,2.2176
49.6242,-1.645
16.251,-61.274
43.827,4.33138
49.012,2.02311
44.8013,4.78184
49.1138,-1.09151
43.2883,0.644903
47.0994,2.48198
48.9075,2.30849
48.6379,2.43547
48.5681,-3.14408
44.5558,-0.245072
43.657,-0.0860449
48.3167,0.838781
16.2257,-61.7854
48.447,-4.26673
48.864,2.36153
48.8985,5.32949
48.5066,-2.74395
44.8473,0.478498
43.747,1.37604
43.9308,4.83131
47.6196,2.49234
44.0503,2.15082
-20.933,55.6521
43.3695,2.28568
47.1486,6.34522
48.8461,2.34488
48.6369,2.79866
43.9175,2.11465
-12.765,45.2266
46.635,1.42309
47.8243,2.84543
48.6356,5.02231
47.3375,2.85577
45.7021,4.80642
48.4446,-2.04726
-20.9772,55.6558
48.5565,2.64033
48.8507,2.33263
43.3388,3.22477
48.8778,2.31735
43.7134,1.39245
47.1456,2.21734
43.3959,-1.45461
48.6255,2.44055
43.9349,-0.0734682
47.8772,1.95778
48.8594,2.30736
44.6487,1.56858
47.756,1.1931
49.0319,2.22461
48.0534,-2.95571
49.1555,5.3816
49.0349,2.08075
47.0814,2.72829
43.2438,2.11089
48.8726,2.34044
46.9875,3.15817
49.0221,1.13755
43.782,7.33733
45.1493,4.61509
48.7308,2.27139
44.3604,2.55522
43.8677,4.44416
48.8453,2.39271
48.9671,2.39793
46.1042,3.89567
44.165,4.87774
46.7968,0.535383
48.8228,2.36355
44.3621,2.02434
48.2722,1.6249
48.8402,2.25831
48.8419,2.30962
48.8324,2.35601
45.0263,0.718872
49.6329,5.17535
49.0468,7.42257
48.833,2.32634
48.8456,2.36818
43.926,2.14272
47.903,1.90926
47.796,3.57037
46.1985,6.23831
46.4361,5.3439
49.0031,1.91088
48.8846,2.38281
44.8521,-0.532148
48.4825,-2.79121
44.5032,1.19208
49.9029,4.27997
43.5353,6.47115
47.2398,5.22259
47.8647,-4.21563
48.8434,2.41655
48.8173,2.33774
48.89,2.3715
48.8506,2.76969
48.8311,2.12813
47.0057,3.15605
48.6173,2.4666
43.439,6.75333
46.4286,0.866061
45.4798,4.36101
-21.1706,55.4756
48.9813,2.37473
49.0508,2.0713
48.8669,2.71248
48.9887,2.29268
47.9315,1.92076
47.2851,5.06124
48.9472,2.53082
49.0679,2.15534
4.93756,-52.3349
48.8679,2.36326
48.8804,2.43039
49.008,6.39542
-21.0309,55.4764
48.5415,2.6552
49.4684,1.11628
48.6569,2.38657
46.1531,4.58885
48.7367,2.77979
45.6595,3.94395
47.6909,0.420435
45.7605,4.99769
48.1961,1.93684
46.6736,5.55799
48.9687,2.3048
47.1799,-1.57102
45.752,6.42211
48.8621,2.44139
46.3155,-0.452071
47.9625,3.51408
48.9062,2.44454
49.2796,1.76574
46.8019,4.44702
48.0662,-0.783254
48.9447,2.24012
45.5274,4.61922
44.4527,4.34213
48.3886,-4.53141
-21.3803,55.6506
45.9523,-1.25137
-21.3717,55.7167
48.401,-4.46947
47.6169,6.15631
43.3684,5.35661
43.9348,4.8306
45.6468,5.86265
47.0951,2.39973
50.6205,2.98381
51.0399,2.38074
-20.8915,55.4439
46.7792,4.74829
50.6675,1.84047
46.8762,0.569044
45.8135,5.85003
47.6096,1.90374
45.8005,2.46853
43.3684,5.35661
48.5355,2.66195
50.293,2.76048
48.0439,0.218664
44.4863,5.38062
43.3997,1.71462
45.9026,6.13204
48.6052,7.74805
48.2965,6.11147
15.8667,-61.5824
46.2043,-1.364
43.3222,-0.579643
48.3953,-4.48761
16.2593,-61.5272
48.3781,2.93754
45.2751,1.76922
46.4258,0.261795
43.593,1.35735
49.0832,6.24146
48.8651,2.399
46.3239,-0.46455
47.9878,-4.09496
43.3397,3.25431
4.87158,-52.3383
47.5753,-0.356845
45.1495,5.75446
43.6295,3.85151
46.6759,5.53949
44.4073,4.39553
47.3261,5.06793
47.1342,2.54728
46.0798,6.71499
48.856,1.43953
48.5639,-3.15965
48.8784,2.45328
47.3849,0.668143
0,0
45.7205,3.34355
43.6263,3.85729
45.4017,2.03581
47.9189,1.08677
46.8118,1.69174
48.7704,2.35096
-21.0272,55.541
48.1784,-2.75584
48.8402,2.36319
50.6873,3.15961
43.6057,1.43339
48.7815,-3.52667
45.763,4.80186
47.753,-3.35595
47.9454,1.94673
45.1812,0.721954
43.3242,-0.34984
44.9131,2.4259
45.7138,4.87943
16.3036,-61.0708
49.8868,4.73452
45.5821,5.89909
45.261,4.66939
48.8885,5.54112
48.7885,2.35885
49.0992,-1.11171
49.0234,1.136
43.8971,-0.461212
48.0406,1.07625
45.0198,1.51701
47.8208,1.75582
47.3523,6.36225
44.3371,1.54419
48.5119,5.5048
49.4823,0.875602
47.2469,1.34976
48.6383,-2.00786
48.0682,6.87333
48.2033,6.45388
48.9296,2.047
48.4439,1.48902
48.5693,-3.83016
47.8698,-3.55622
45.0657,4.8349
47.8796,0.80959
46.468,-0.812877
48.6998,6.14003
48.7318,2.40633
45.874,6.08588
46.3885,5.86611
43.7112,7.28282
44.7308,4.58376
46.6882,4.34674
48.7814,-3.52707
48.6526,1.58148
48.0056,0.19196
45.6137,6.30902
46.672,5.55172
45.1767,0.731938
45.0335,0.184902
48.8335,2.65879
43.8895,-0.482341
47.2191,-1.62093
48.093,-1.61215
45.6275,6.44752
46.8212,-0.671963
43.5587,1.45674
43.2898,5.48264
47.5261,-2.76987
43.6076,-1.13484
49.0374,2.07808
43.3684,5.35661
49.0991,2.51555
44.6667,0.400244
45.5474,5.98356
48.7625,1.23878
45.5605,5.89493
47.0317,2.65039
48.937,2.3047
48.7626,2.66308
47.1561,2.91541
49.0815,1.47837
47.8381,1.92463
49.0781,6.19126
44.8525,-0.0467309
-20.9442,55.2997
47.72,1.94101
46.3935,5.56468
48.8698,2.21905
47.1835,5.81151
45.7777,1.30901
48.7034,2.07253
46.7125,2.2107
45.7033,6.11164
46.8118,1.69174
47.1454,2.21756
46.9933,2.2445
43.9347,0.633919
45.4435,1.40355
48.4483,1.46422
46.3599,-0.383609
49.3229,0.831782
47.5742,1.33744
0,0
47.3417,0.722174
48.799,7.7795
45.8776,1.28909
49.1083,1.50749
47.6231,6.15144
43.1762,5.9264
43.757,5.8845
48.8569,2.35133
45.3974,0.128916
47.319,4.90989
45.6265,6.31769
43.1481,6.07314
43.5037,5.73581
48.8123,2.30117
0,0
48.9065,2.43868
43.5,-1.49161
48.7883,0.852116
49.9922,4.70948
46.7475,5.91029
48.6858,6.21159
49.0184,2.09068
45.3599,5.33229
44.2916,4.75344
47.5914,1.32687
48.4599,7.48405
48.8064,2.61682
49.1462,1.97638
48.9664,2.41134
48.0313,0.179436
48.9737,2.31138
47.6141,1.36557
48.2738,-3.57978
46.6588,6.07248
0,0
45.3875,4.28891
44.231,0.64322
45.9141,3.84584
41.9674,8.81225
48.8351,-1.57697
49.0002,2.26953
44.9108,-0.241045
48.945,2.35384
47.5898,1.31833
43.1188,5.94311
48.8109,2.38364
48.0818,1.87851
46.5343,5.38978
47.2686,1.37349
48.874,2.69941
43.2914,5.56354
44.8545,0.564771
46.3623,6.4657
50.997,2.1225
47.9543,5.74542
48.1045,-1.70508
45.8996,5.20073
45.1872,5.68377
41.9238,8.8244
48.8268,2.37261
0,0
0,0
0,0
47.0881,5.48916
0,0
0,0
48.9622,4.36707
47.5914,1.32687
45.9353,6.63388
0,0
0,0
0,0
0,0
0,0
42.8111,2.50501
0,0
0,0
0,0
45.9404,4.77106
0,0
43.6748,7.20045
46.4849,6.06061
44.2738,5.27293
49.0113,2.04357
0,0
0,0
0,0
0,0
0,0
0,0
0,0
0,0
44.5867,5.13385
0,0
0,0
0,0
0,0
0,0
0,0
0,0
0,0
0,0
0,0
0,0
0,0
0,0
43.7888,4.83445
48.7709,2.48139
0,0
44.0458,4.77349
0,0
0,0
0,0
0,0
0,0
0,0
0,0
0,0
48.1646,2.04255
47.7919,1.07177
0,0
46.7777,6.04687
45.7484,-0.660143
0,0
0,0
0,0
0,0
0,0
0,0
0,0
0,0
0,0
0,0
0,0
0,0
0,0
0,0
0,0
0,0
0,0
0,0
0,0
0,0
0,0
0,0
0,0
0,0
0,0
47.7504,7.33215
0,0
0,0
47.9125,1.8739
45.6659,0.203958
0,0
43.2918,5.40292
0,0
0,0
0,0
0,0
0,0
0,0
0,0
0,0
0,0
0,0
47.9513,1.8751
0,0
0,0
0,0
47.005,3.13897
0,0
17.9015,-62.8419
0,0
0,0
0,0
0,0
0,0
18.0724,-63.0807
47.72,1.94101
0,0
0,0
0,0
0,0
0,0
0,0
45.7698,4.80082
46.1531,4.58863
0,0
0,0
0,0
0,0
0,0
45.5673,5.44103
48.4451,-2.04645
48.1018,5.15317
0,0
0,0
0,0
0,0
0,0
47.5391,6.97526
0,0
0,0
0,0
0,0
0,0
0,0
0,0
0,0
0,0
0,0
0,0
0,0
0,0
0,0
0,0
42.6973,9.45088
47.1869,-1.55217
0,0
0,0
48.2049,5.94169
46.1604,-1.15554
0,0
0,0
0,0
0,0
0,0
0,0
0,0
0,0
0,0
45.417,6.65313
0,0
0,0
0,0
0,0
0,0
41.9168,8.73239
0,0
44.4779,1.40353
0,0
0,0
0,0
0,0
0,0
0,0
43.5682,7.08194
47.2664,-1.59205
0,0
0,0
0,0
45.1568,5.73508
0,0
0,0
0,0
0,0
0,0
47.5914,1.32687
0,0
0,0
0,0
0,0
0,0
46.1959,5.24541
46.5536,3.35762
46.3403,2.60421
44.9285,2.44252
44.9214,4.88884
46.0555,4.09689
45.4731,4.4165
0,0
0,0
45.7605,4.99769
45.7605,4.99769
45.5751,5.90585
45.5648,6.23114
45.0438,3.896
47.3126,5.05026
47.2365,6.00706
46.9925,3.15638
47.6247,6.15543
46.7091,4.87103
0,0
47.8032,3.56663
45.9986,4.72617
48.8651,2.67378
47.514,6.79673
47.514,6.79673
48.4206,-4.47703
48.6476,-1.99328
48.1074,-1.73923
47.6597,-2.76332
0,0
48.0783,1.31768
46.7995,1.63118
47.3772,0.690909
47.7264,-3.41234
0,0
47.5974,1.33852
47.9462,1.90416
41.926,8.73687
42.1151,9.49263
42.1151,9.49263
49.7721,4.7225
48.3,4.07753
48.3,4.07753
48.3,4.07753
48.6811,5.85112
0,0
48.6811,5.85112
48.6882,6.17156
48.7686,5.1595
49.5241,5.37153
49.5241,5.37153
49.1062,7.05806
49.1062,7.05806
0,0
47.8032,3.56663
49.5791,3.63382
49.05,3.39765
50.6205,2.98381
47.865,7.35055
48.5667,7.73065
47.7534,7.3444
0,0
48.1868,6.46699
50.4559,2.82077
50.3766,3.05993
48.763,2.31895
48.0761,7.35705
50.3558,3.498
49.3334,2.47469
0,0
41.9349,9.15558
50.293,2.76048
50.5365,2.63691
50.7305,2.23624
48.5355,2.66195
48.9287,2.03857
48.8339,2.34129
49.9085,2.32388
47.2664,-1.59205
48.9672,2.55175
46.6755,-1.426
0,0
49.1833,-0.391071
49.1833,-0.391071
48.8005,2.13489
48.8005,2.13489
48.6404,2.37316
48.9065,2.20514
49.0644,2.04989
49.0158,1.16712
49.6372,-1.62376
45.2751,1.76922
49.4338,1.07762
45.7457,-0.625664
0,0
0,0
48.7231,0.008345
45.1736,-0.305804
45.9417,-0.961569
49.5163,0.292263
0,0
45.8316,1.25168
45.1886,0.718927
45.1886,0.719136
43.2108,2.3626
44.3783,2.5359
43.4857,1.32001
43.4857,1.32001
43.3412,3.18472
44.1992,0.617271
43.3032,-0.373108
44.7802,-0.594435
0,0
0,0
43.4918,-1.4633
43.5475,3.83031
44.5164,3.49283
43.1087,0.376451
43.1087,0.376451
43.7762,1.69325
43.7762,1.69325
44.0081,1.36269
44.0918,6.23476
44.5599,6.07759
43.6746,6.90668
43.7114,7.28011
43.4851,5.42323
43.6401,5.06226
43.2898,5.48264
43.2898,5.48264
43.7091,4.63679
43.7091,4.63679
0,0
43.9684,4.86149
15.9927,-61.7276
48.1066,5.13236
4.87544,-52.2989
0,0
-21.3414,55.4661
-21.3414,55.4661
-12.7533,45.2303
46.7104,-1.43315
48.8329,2.11559
0,0
44.4174,0.718365
0,0
-21.3414,55.4661
46.7808,4.85352
45.9135,6.70375
46.3032,4.8327
46.6716,5.55874
0,0
47.6377,6.86295
0,0
0,0
0,0
0,0
0,0
46.7507,2.17611
0,0
0,0
47.0801,2.39896
0,0
48.7129,4.59316
49.2468,1.41987
0,0
0,0
0,0
0,0
0,0
44.8448,-0.653024
46.0777,6.41095
45.8359,1.25989
49.0865,1.72353
48.6399,2.32923
45.7581,4.8544
48.6951,6.20972
43.6592,7.19537
48.6289,2.43454
49.0235,2.05615
45.7409,3.1545
44.1858,0.629352
47.08,2.39902
44.2168,0.636113
43.1172,5.93555
43.3938,6.31094
48.0826,1.35025
47.3562,5.05051
44.8939,-0.572152
47.2936,5.00611
45.012,-0.43613
48.1113,-1.68008
44.9753,1.32142
48.631,2.4244
48.5136,-2.76402
47.6583,-2.76076
49.4431,1.1
43.985,0.0110737
16.2391,-61.5244
45.4279,4.4171
49.2704,4.02826
45.7472,4.78964
50.2855,3.99663
48.8921,2.20764
47.1553,5.74054
46.2998,-0.492349
49.0271,3.95756
41.9334,8.73879
48.4499,1.23993
48.6766,2.17188
48.9015,2.21653
48.1192,-1.69278
47.313,5.10681
44.0458,4.77349
46.4118,-0.176565
44.1032,3.88154
44.1032,3.88154
43.2915,5.39374
45.087,5.69137
46.2025,5.22192
48.1794,6.4541
49.3323,5.66268
45.4817,4.36293
46.7852,4.83843
48.6851,6.15198
49.0485,3.9505
43.8367,4.36006
49.5374,5.78087
46.3684,5.11909
46.0331,6.10688
45.8732,5.69567
48.8299,4.98164
49.0047,2.34875
48.6893,2.6205
49.5165,4.37185
49.2437,4.02692
48.6779,6.20247
45.7075,4.47314
49.1402,0.909416
45.9043,6.0995
46.9253,6.34745
43.4121,3.69689
48.577,7.7423
48.6372,7.44354
48.8698,3.53684
48.5587,7.69296
45.8595,4.83325
48.1933,3.31107
46.1594,2.82915
48.5774,7.74908
44.2594,4.19674
45.5955,5.87372
-21.1357,55.621
48.8862,2.44059
47.4709,-0.547421
48.9306,2.49675
44.6111,4.39704
48.7399,7.35944
43.7473,7.14327
49.5058,4.1314
49.6477,4.63671
49.0887,2.74245
48.9678,2.8846
48.8302,2.34097
45.601,5.63171
49.0406,7.27283
41.9232,8.73563
42.6796,9.43892
48.0025,0.191049
44.9187,-0.229689
45.3044,-0.935938
47.1392,4.95179
47.5087,1.45755
48.7648,6.1201
48.9872,2.44785
43.6969,6.85184
45.5853,4.69692
44.931,4.92252
49.2437,4.02689
49.2394,6.17332
45.9355,6.64275
47.9017,1.89693
49.4385,1.11108
47.0543,6.60257
48.9755,2.34419
48.8111,2.33491
47.901,1.23718
45.4492,6.97926
46.2251,5.20925
45.5641,4.28828
45.7867,3.10775
44.9236,4.93376
45.2419,4.66582
44.9096,2.4265
47.9975,2.77028
47.6904,2.63436
47.7819,1.62008
44.9003,5.78777
45.889,4.43913
44.8243,-0.591376
46.8879,2.57394
44.8455,-0.654136
48.7477,2.48119
46.0633,6.58821
46.1401,1.88683
46.1468,6.07968
46.11,4.74855
45.6166,6.76476
44.0865,4.88826
44.5873,4.1263
48.7766,2.51956
46.2759,5.62812
48.8334,2.47258
44.9121,4.43581
47.5365,2.03828
47.9546,-2.54962
48.8673,2.70773
46.0781,6.40537
45.2956,4.17141
44.6561,4.36671
47.6001,1.3397
45.8125,4.79792
48.2896,4.06988
45.7493,4.89827
43.9388,4.56373
43.8174,4.35873
43.8523,0.664874
47.1979,2.57105
45.8319,2.85222
43.7027,1.46746
44.3039,4.61349
43.6945,4.27161
47.8935,7.34817
45.8812,3.11643
45.7328,4.90957
44.7562,-1.12632
45.961,5.34764
47.5914,1.32687
45.0941,1.9351
46.3579,6.48233
45.5452,5.96974
45.5642,5.9077
48.6023,7.72258
49.3566,6.15604
44.7513,4.74937
44.7358,4.59485
45.8948,3.11446
45.8778,3.04469
48.8414,2.30044
44.9451,4.8396
45.7664,4.9106
43.5223,4.13823
45.3863,4.74768
47.5048,4.17441
45.5788,5.95943
45.5862,5.99609
48.7151,4.598
45.2016,6.66663
47.7872,3.59613
45.7522,6.30451
49.5212,5.36862
45.807,4.85036
47.594,1.33693
44.6813,4.26721
44.8473,0.478389
42.3016,9.15487
46.0283,4.69674
49.6062,5.07247
46.0382,4.07416
45.1206,4.97346
45.2776,6.34173
49.7427,4.73896
48.4289,1.47392
47.1643,-1.46876
50.834,2.21438
47.3134,4.85997
48.8741,7.47215
43.2506,6.57315
46.44,0.115308
44.7235,5.02374
43.2046,1.22404
49.4274,4.95336
48.7061,2.39558
45.9054,6.70105
44.4391,4.70779
49.4211,1.09271
48.1205,-1.70904
47.3125,5.11704
45.5609,6.15193
48.6936,2.35516
48.6797,2.34558
46.0339,4.05089
46.1702,1.87208
47.5635,-2.49988
47.2541,-1.53101
50.619,3.04557
44.9366,4.91895
48.1104,-1.65391
45.7822,4.79505
46.8697,-1.01131
44.6051,4.81848
45.5841,5.89766
48.7022,2.33604
48.8895,2.45518
-21.0649,55.5214
49.696,4.42296
43.362,-1.39451
45.7795,3.06848
46.2608,4.88598
45.8617,4.71603
48.6422,1.51835
45.7054,5.75853
50.1047,4.75194
49.9189,1.07872
48.171,0.247992
48.6932,2.51583
46.3945,6.58139
44.8016,3.9715
48.3536,1.76938
47.2927,5.77375
-20.9907,55.2848
47.7512,7.33526
44.8712,4.87563
44.3375,4.15253
45.7608,4.90642
48.1218,5.1386
48.273,-3.56115
44.8585,-0.556565
48.7231,3.72201
48.6042,5.6671
46.1422,-0.221457
44.5264,5.06614
44.4427,1.43928
47.6847,6.48935
48.5925,7.70926
49.1845,6.48364
44.9276,4.90036
47.3245,5.03465
49.2241,4.02778
45.5,6.04958
47.5686,6.7614
45.0344,3.08536
45.4611,6.12014
48.4615,-1.48597
47.7617,7.39483
48.7796,7.84602
49.0317,-0.6179
47.6206,6.15138
43.2201,-0.889522
47.036,4.84071
45.7245,5.93044
45.0955,3.49383
46.2668,6.07594
47.8257,6.37495
-21.2663,55.367
46.9452,5.87998
48.9616,2.32671
49.937,4.64039
46.5217,5.61432
47.4495,5.59383
50.7227,1.63008
47.4094,2.92308
44.9291,-0.472324
45.5127,-1.12883
43.717,4.17284
46.8322,5.70905
46.7996,1.63129
45.1465,5.32502
48.8777,2.31754
48.174,3.09805
48.2348,3.55748
46.9675,5.40786
46.4291,4.66753
47.6206,6.15141
46.6266,3.76091
46.9119,4.7548
49.0508,3.40711
46.9799,3.12233
46.8769,4.94556
44.6135,-1.11337
48.2163,3.27862
46.5723,5.95494
47.665,-2.74753
47.7953,5.93715
48.0761,3.29541
48.7223,-3.46443
48.4019,-4.52822
46.2902,4.31761
45.7566,4.79629
45.7529,4.84779
47.3902,1.25432
44.917,5.78091
48.4905,-2.74847
48.4251,-4.60575
48.0898,-1.68872
47.6692,-2.97902
47.759,-2.85901
45.8774,6.32384
48.4355,-4.50595
43.4951,2.37707
45.476,4.51638
48.4526,-2.03953
48.387,-4.52627
48.2054,-4.09152
48.5701,-4.32309
47.9072,-3.83858
44.8177,5.75202
48.2127,-1.50724
48.5495,-1.74728
45.8143,5.40507
45.7548,4.7952
48.0142,6.59247
47.6462,-2.77064
47.8112,7.32741
47.4847,-3.12131
48.248,-4.42191
48.3901,-4.48062
47.8115,-3.35325
48.6324,-2.06619
47.3147,2.2547
49.1241,6.77859
16.2366,-61.525
47.3869,0.667766
47.0825,2.38658
-21.0128,55.2704
47.8343,1.93344
44.9259,2.43836
48.4709,1.01476
47.3936,0.684682
47.1421,1.84571
46.8469,1.53732
47.5935,1.30398
45.5467,5.57325
47.3558,1.75039
47.1625,1.57349
47.4112,0.979625
47.6206,6.15067
47.7688,2.37624
45.8563,3.52101
47.156,2.91719
47.9079,1.91045
46.987,1.17241
47.9848,0.894313
48.6895,1.08476
47.3037,2.52442
47.3891,0.687346
48.5887,1.57018
46.9513,2.94541
47.009,2.35642
47.4238,2.87438
47.7819,1.62009
41.3993,9.16346
47.5348,1.8062
47.8269,1.70034
47.4938,1.16482
47.8232,1.29447
48.6042,1.67234
47.0982,2.36837
47.7524,0.862392
47.4124,1.60761
47.5487,1.54291
47.6894,1.01614
47.081,2.39878
47.4586,2.65132
47.7146,1.61163
47.2748,1.55408
47.9122,1.52423
47.2043,2.41728
47.3432,1.18415
47.4256,2.05308
47.4764,1.29413
47.1631,2.05047
48.9492,4.37248
46.5468,2.35016
46.5593,2.19393
48.1815,1.3853
46.9225,2.4074
47.4185,0.651879
47.3601,0.750189
46.8308,2.91905
46.9966,2.82116
47.7951,2.19797
47.8464,2.74179
48.0697,2.43029
47.8894,2.51328
49.4994,0.112716
48.0897,2.78957
47.9753,2.76813
48.7971,2.65013
44.5712,4.51189
46.3148,4.81368
48.3031,1.24836
41.916,8.72892
42.6973,9.45088
42.697,9.44737
49.5262,0.184985
48.9358,2.6764
42.6664,9.42892
49.2101,-0.362889
47.5763,6.87295
49.2463,1.39514
49.0315,1.11602
49.0904,0.589182
49.4398,1.10911
49.3048,1.04178
48.6836,-1.36609
49.4243,1.05951
43.8174,4.3429
49.278,1.7667
49.3201,-1.10285
49.168,-0.344052
49.5172,0.0978097
48.841,-0.896285
49.0299,1.11678
49.5186,0.542715
49.0234,1.1357
49.0939,1.48048
49.107,-1.10408
48.1644,2.44337
49.4378,1.09477
47.3174,5.11276
48.4271,0.084382
45.8696,3.30217
45.0434,5.05332
49.2773,1.20675
49.2792,-0.542806
46.1346,6.12257
47.4913,4.34184
43.2752,5.39571
48.851,-0.55275
49.0738,-0.0674805
48.9045,1.27705
-21.3762,55.6236
49.5454,0.951858
46.2088,6.40593
47.6187,-0.45966
46.2084,5.19978
-21.0195,55.4958
45.6939,5.03037
48.6621,2.27044
49.299,6.52646
43.4213,5.36717
46.6528,-0.220923
45.1995,0.69758
43.2012,0.024841
48.9058,6.05115
43.8895,-0.482262
43.1971,-0.617797
49.1854,-0.365985
49.0863,0.595117
45.7491,3.09917
49.1169,2.21635
46.4104,-0.220705
48.8453,2.3928
44.8346,-0.578208
45.6944,4.92883
45.7496,5.178
48.6187,2.54231
43.3229,-1.03508
49.4085,1.0702
49.0377,2.08527
43.4851,-0.770398
48.694,2.60671
46.3433,-0.481399
46.1241,1.06179
49.0919,1.4878
45.1655,1.54388
45.1607,1.49984
44.32,5.8166
46.3402,2.58843
46.4508,4.11297
45.2852,6.87486
49.3048,-1.24269
43.4841,-1.47164
45.7445,4.22503
45.1516,5.31714
46.4824,3.98539
45.6528,-1.02419
48.2341,-3.31507
45.9471,-0.529431
45.5574,0.282352
43.6382,5.09274
48.8186,7.79289
48.7864,5.16279
45.6405,2.51367
42.719,1.84036
45.1271,-0.64516
44.8255,-0.529733
45.2652,1.77294
48.7176,2.23259
45.8293,4.9768
45.1745,4.82019
46.0121,4.70895
48.5754,-1.09403
44.7955,1.47188
43.3034,-0.378245
43.4869,-1.52572
43.3965,-1.63908
43.347,-0.477516
43.5375,-0.410016
49.0508,-1.44173
43.6988,-1.04109
48.6652,7.71093
48.668,2.41625
46.5685,3.33398
45.7746,3.09456
45.3899,1.13573
43.4837,-1.55901
43.0063,-0.090781
47.8675,-3.54947
43.1751,1.40577
48.9243,2.24639
45.0032,0.159106
44.9462,0.808791
44.3595,5.13686
46.2244,-0.153356
46.9727,-0.181312
45.1819,0.717514
44.979,-1.07361
48.6896,2.39294
43.3872,0.0554819
45.1298,-0.619462
43.0674,0.155363
45.4264,1.5661
44.8321,-0.530839
44.8473,0.478724
48.5292,2.01527
45.8209,4.89701
43.8395,1.39315
46.486,-0.407534
43.6609,1.66307
43.1917,-0.21321
44.9788,1.83952
45.6504,0.166014
44.8723,0.777159
-21.3182,55.4266
44.839,0.741439
49.1555,5.3816
46.7093,-0.597533
46.9501,-0.593426
43.5406,-1.39048
43.491,0.930439
45.663,-1.01184
43.6152,1.49273
45.372,1.87315
43.7493,-1.32556
46.6437,-0.252716
43.8922,-0.307362
46.9735,-0.183972
44.6416,-0.97537
45.841,1.23262
42.5501,3.02387
46.8486,-0.474574
46.3224,6.05794
46.1966,-0.669665
43.9336,0.62673
49.6295,5.17018
43.1032,1.62321
46.322,-0.325293
45.0389,-0.681261
46.1596,4.17252
43.5617,-0.271422
43.3839,-1.30527
43.1852,-0.115332
43.3462,-0.265173
43.4839,-1.14052
43.481,-1.44314
43.3998,-0.94107
46.7941,0.797581
43.5586,1.45377
43.7259,-1.0787
43.3971,-0.5723
44.7789,-0.410889
43.8321,-0.807019
43.4705,-0.924926
45.6605,0.184068
43.7109,-0.837083
42.9991,-0.600531
43.6066,-0.991157
45.2642,1.40878
49.6017,4.95685
46.6826,0.373596
43.4094,1.11458
48.9271,2.04317
49.6491,4.24619
48.9051,2.04099
44.1471,4.0975
44.8558,3.33208
44.6321,1.07845
44.4553,1.04627
46.3748,0.406803
43.2215,2.39503
48.8091,1.90893
43.6661,7.05025
43.2078,2.34487
48.8732,2.63713
43.5959,2.27349
44.0223,1.35177
-21.2376,55.3277
42.6965,2.8913
48.1091,-1.19479
44.6103,2.02997
49.6084,2.07461
43.7423,4.22073
46.1779,2.48885
43.6526,1.32417
47.9347,-2.39222
44.2547,4.64715
43.7383,1.47053
43.4623,2.00571
43.0843,0.561836
43.4656,1.39774
43.101,0.955674
43.6082,3.8864
43.6236,1.43153
48.9293,8.14576
43.5223,1.18776
48.756,5.5828
43.6008,1.43413
43.608,1.3978
48.5743,2.59668
43.5896,1.48016
48.8198,4.98799
42.9128,0.692278
43.8594,1.4824
43.3506,1.48377
43.5787,1.44696
43.288,1.22912
43.2035,1.0844
43.7607,-0.0328511
43.1853,2.36395
43.9579,0.374323
43.9017,1.89691
48.8555,2.77621
43.1193,5.94162
43.9284,2.1801
43.5504,1.48304
43.6479,0.584177
43.1096,0.724206
46.3463,-1.45827
43.6824,1.58398
43.7668,2.00632
50.7456,3.18076
44.8868,-0.704534
44.3267,3.59612
48.6943,6.1881
44.3979,1.77037
43.7566,0.303466
43.4309,0.579554
-21.1034,55.2989
45.9708,6.033
43.5532,1.45683
43.9575,2.8756
48.8976,2.39758
45.7282,4.80906
44.8029,3.27037
43.6304,0.576379
43.1837,3.02732
45.6677,6.3697
44.012,4.42203
45.1527,5.32184
44.8725,2.03632
43.6368,0.585333
48.5192,2.63419
44.1189,4.08876
44.2546,4.64353
44.1189,4.08864
48.9059,2.44015
43.9926,3.60725
48.8273,3.09569
44.4785,1.58205
43.8664,4.356
42.6801,2.86807
43.9175,2.12428
43.7549,4.51646
48.6114,0.900683
43.593,1.35735
43.5657,2.26272
44.2618,4.19946
49.4179,2.08755
48.621,2.4571
43.2178,2.36445
44.2687,1.35171
48.6704,6.14686
44.5083,1.37666
43.598,3.89699
45.0332,3.08591
43.6238,3.4388
48.8898,2.26191
43.6553,1.38112
44.0407,1.36535
43.1798,3.02274
44.4141,1.37039
44.7282,1.92801
46.6705,-1.42646
47.1912,-1.5497
48.4896,1.39593
44.0416,1.11247
47.0546,-1.49201
43.8614,0.101474
46.596,0.351858
47.8791,3.35384
47.9157,0.752232
47.1766,3.02061
43.5828,3.86264
43.6219,4.00537
47.8245,-0.698183
47.4364,-1.50038
46.9564,-1.30731
46.456,-1.18018
48.3608,0.358813
48.5994,1.67641
47.8499,4.57623
47.248,-0.0781859
47.9513,-0.55258
47.0002,-2.2506
46.7222,-2.35175
43.3015,6.22901
46.8498,-1.87192
46.4621,-0.793822
48.1934,0.643043
46.5061,-1.76954
42.7047,2.89341
47.3594,-1.94493
48.012,0.184251
47.2744,-2.22307
47.4776,-0.559236
43.6711,7.19067
43.5204,0.404369
48.1708,7.54471
47.0191,-1.79338
47.1139,-2.12742
48.1508,0.188518
50.326,2.98129
46.1088,5.97022
47.89,0.024784
47.988,0.292
46.7245,-1.95522
44.5384,6.06607
48.0257,0.207805
47.4285,-2.08327
48.0309,0.374745
47.2109,-1.57206
44.682,-0.526891
43.6958,7.26792
44.0703,6.17575
-21.2565,55.5224
43.4932,6.36156
47.8779,0.227637
-20.9615,55.652
48.5597,1.03789
49.1804,-0.362803
48.1933,7.33594
48.6399,2.32922
43.3513,1.48246
48.7819,2.46408
48.9243,2.02999
45.6968,5.90731
-21.2069,55.4039
42.7762,2.91739
43.5352,5.29738
45.069,4.84243
43.5944,7.11251
46.9842,3.15488
43.6758,0.618626
48.6318,6.31255
45.768,4.98177
48.778,2.45358
48.798,2.44607
48.846,2.31517
48.8718,2.3657
49.6258,3.23436
46.4164,-0.198844
43.8339,7.3556
43.1143,5.86932
45.7644,4.86895
45.3288,3.84798
44.0857,6.22222
43.808,7.31544
50.4205,2.94964
43.329,5.40079
43.3344,5.40149
43.2945,5.56603
43.3352,5.46939
43.2822,5.38784
43.6941,7.25823
43.6939,7.25727
43.3324,5.36453
48.1424,-3.60607
43.1587,6.06482
43.5171,6.42995
43.4083,6.07371
43.2995,3.48277
43.7026,7.27928
43.1332,5.93228
43.5266,6.15113
43.3287,5.71393
43.2917,6.12929
43.6079,5.75717
43.5616,6.23658
43.6241,6.6941
44.5578,6.07756
43.1285,5.93218
48.7754,2.32599
44.0927,6.23445
43.138,6.36844
43.6782,7.19818
43.2379,6.07221
43.1517,6.34221
44.8689,0.379639
43.1252,5.97545
43.0931,5.83923
48.6618,6.17934
43.1912,6.04199
43.1328,6.01521
43.1727,6.53001
43.3381,5.97857
43.1399,5.84766
42.665,2.83676
43.9173,4.88815
43.825,6.13074
44.5339,5.82321
46.6277,5.22352
43.4741,6.17668
43.1371,5.98262
43.4391,6.07333
43.3706,5.78282
43.3838,5.70536
43.9421,4.8351
43.118,5.80145
43.4238,6.73836
48.969,2.30751
43.5892,7.03286
49.2442,4.03595
48.8931,2.39851
47.253,6.03675
47.8183,2.81904
43.8322,4.35482
48.6734,5.89467
45.6228,5.23035
16.2622,-61.4466
49.8726,2.29351
50.6052,3.03454
50.6341,3.03286
47.2671,4.55095
44.4474,4.59144
-12.7648,45.2266
43.9929,3.60633
-20.9284,55.3332
43.7815,4.08581
45.7661,4.90026
45.2452,0.340622
43.6956,7.28326
47.9125,-1.37812
44.5989,4.38078
45.7433,4.88009
47.2615,1.34696
48.7447,2.49817
47.9754,0.219508
43.697,1.81619
48.9567,2.47654
48.8006,7.80672
45.7819,4.89173
48.7324,2.22816
43.5957,5.00027
-20.8936,55.4981
48.9239,2.23613
43.6019,3.91916
46.8311,3.45838
46.9518,4.30391
43.4472,5.24904
46.9855,4.53136
48.9766,2.39201
47.9084,7.20714
44.6097,4.93718
50.2567,1.87346
44.6628,6.65557
44.2395,5.07481
43.652,3.54514
49.0311,2.10289
48.7813,2.18342
50.6314,3.07861
44.8936,1.21426
45.4775,-0.127301
43.5572,4.09489
49.3667,5.90591
45.5938,-0.0555531
47.3551,5.05898
45.7656,4.95478
47.2528,-0.898037
43.1401,6.01296
43.0272,2.98213
49.3955,4.70077
49.878,2.24118
43.4259,5.26829
47.5406,-0.100582
48.8784,2.32706
50.2547,3.93034
50.1681,3.24021
44.6096,4.92515
44.2018,0.613291
44.1828,0.654575
43.6089,7.01034
48.3344,-1.17127
48.8999,2.06721
48.8649,2.6341
48.6774,-1.86378
48.9359,2.1631
49.6308,2.29629
-21.0572,55.7093
45.894,0.578719
48.8456,2.23605
47.389,0.682895
45.7616,4.91612
48.8048,2.42452
48.8784,2.45387
48.6693,6.20536
48.8115,2.14325
48.8712,2.16008
48.3114,2.00097
48.936,2.37253
46.0288,0.195442
46.8107,1.70392
48.9941,2.45309
48.9454,2.23961
48.8917,1.67934
49.156,1.79118
44.1591,4.62003
49.0002,2.26953
48.9001,2.57169
48.5604,3.30633
48.4426,1.47885
48.8442,2.18886
48.7667,2.27865
48.9097,2.2454
48.9028,2.30294
48.8259,2.26482
48.7274,1.38616
48.7919,2.26068
48.8107,2.51461
48.8333,2.47503
48.9129,2.29031
48.8092,2.4785
-21.3391,55.464
48.8566,2.36164
48.8919,2.34483
47.11,2.35846
48.9444,2.3567
44.6628,6.65557
48.8162,2.43803
48.9092,2.48788
48.8423,2.53874
48.9503,2.36085
48.8326,2.32565
48.8594,2.30733
47.5914,1.32687
48.8692,2.3675
43.9598,5.78046
48.9786,2.26297
48.9114,2.33657
48.9254,2.39117
48.8327,2.35579
43.2706,6.56304
49.2583,4.03221
48.634,2.44938
48.8149,3.08229
49.1447,2.29102
48.8899,2.37162
49.1138,2.22138
42.5856,2.08671
42.7257,2.88759
49.0047,2.34897
48.9037,2.25339
49.0573,2.09486
48.5355,2.52877
49.264,4.10425
48.653,1.82404
48.3798,2.95418
48.7961,2.61285
49.065,2.09443
48.9155,2.45346
49.0451,2.06856
44.0083,4.41307
48.4285,2.16325
48.9121,2.49116
48.862,2.3676
48.8692,2.36741
48.7015,6.21769
48.4916,2.18759
48.8924,2.4056
48.6602,2.40416
48.4781,2.32709
48.9265,2.43925
48.5268,2.01054
48.7447,2.49817
48.9166,2.41832
48.926,2.54143
48.9114,2.33521
48.8418,2.53958
48.4128,2.78844
48.7976,2.4645
48.693,6.18505
48.6781,6.13817
48.9269,2.31466
48.7501,2.30113
48.7567,1.83585
48.8621,2.44139
48.9107,2.5461
48.8095,2.29925
49.0476,2.01788
48.6423,2.36606
48.8847,2.28921
48.8076,2.06183
48.8342,2.38693
48.7641,2.41031
48.8221,2.3749
48.9523,2.22773
4.92453,-52.3207
48.8157,6.73162
48.8844,2.322
48.8723,2.4042
48.7705,6.1291
48.8639,2.27669
48.6941,2.51663
48.9094,2.4887
48.9357,2.50882
48.954,2.52567
48.8856,2.1614
47.2344,6.03325
48.9151,2.42826
48.9505,2.5794
47.4904,3.90475
49.0724,2.185
49.001,2.22232
48.8488,2.35057
48.4357,2.37585
48.8131,2.19258
48.9244,2.36014
49.0006,2.3939
48.6137,2.48175
48.88,2.48133
48.8644,2.78785
43.2096,2.4448
48.807,2.35368
48.8064,2.24619
48.8961,2.235
48.5955,2.58289
48.8639,2.27678
49.0641,2.67831
48.9905,2.1862
48.8084,2.14177
43.3224,5.37497
48.9925,2.44345
48.8076,2.06183
48.708,2.32436
48.9953,2.14819
48.9762,2.51604
48.682,2.16946
46.777,4.84079
48.9158,2.50186
48.8998,2.51467
48.879,2.54724
48.914,2.26808
48.8858,2.45941
48.9542,2.3112
44.4644,1.66939
48.764,2.34795
48.5551,3.01509
48.8969,2.21737
-21.0749,55.74
49.1233,6.17144
49.0995,7.08284
48.6729,2.3821
49.1047,5.0765
43.2703,6.63579
49.4428,2.07626
43.5601,4.08622
45.775,4.78019
43.1095,5.85924
49.7606,4.71831
43.3671,5.35676
43.5217,0.160804
47.903,1.90926
49.0353,7.94691
46.2253,-0.140414
46.9043,6.35386
43.4413,1.31424
43.5153,1.51232
48.769,-3.02302
49.1709,-0.380106
49.1843,-0.372545
48.7864,5.16279
48.3704,5.7077
48.4654,-2.51413
43.5853,1.43162
43.5636,1.52553
45.2757,5.89684
43.1147,0.696154
48.2042,2.47239
45.3875,5.73501
44.8802,1.56464
44.761,-0.682934
45.8442,1.24551
45.1698,5.62895
48.6658,2.55789
47.7306,-3.374
-21.0474,55.2857
48.8936,2.20798
43.7092,7.28828
45.5132,4.86576
43.921,4.80475
45.7208,3.34277
48.9893,2.32059
49.9136,2.30426
43.7258,1.58201
47.5222,5.10923
-21.3458,55.6014
-21.1038,55.2946
44.0855,6.22729
48.5847,-3.79105
47.831,-1.68564
48.6036,2.31322
46.1084,5.828
44.5599,2.26256
-20.9605,55.6504
45.3753,5.57366
-21.1333,55.4801
46.2349,6.04773
48.6371,-2.99161
43.8271,5.80524
5.49928,-54.0309
45.0175,5.2895
44.0877,6.22881
43.7282,1.04896
48.0398,3.0587
45.9784,5.60189
43.8239,5.04147
43.4495,-0.112178
43.9198,5.04936
49.414,1.08904
45.9588,1.39785
48.9955,2.52372
43.7324,0.877265
48.6155,6.10489
44.5155,3.49835
46.0014,5.02991
44.5224,3.48979
-21.1282,55.7941
48.998,2.09813
43.6091,3.84825
46.3319,6.37452
48.8338,2.37107
48.8711,2.22525
50.1413,4.82581
43.1808,2.99935
47.2426,-2.16308
48.6473,2.07581
48.9691,1.68635
43.8165,4.35927
48.6837,6.19232
43.7005,-0.2611
42.4437,2.02558
45.6562,0.178965
47.3842,0.706828
43.6349,3.89091
48.6278,4.65036
48.8857,2.37977
48.9684,2.30465
47.8376,-0.330214
47.6502,-2.08986
43.4753,2.6339
15.8923,-61.2925
45.1562,4.13013
47.3838,0.691044
42.626,2.4173
47.1626,-1.2663
47.1939,0.186338
48.4876,6.08923
47.689,-0.890367
46.5703,3.32521
48.9404,2.61976
49.5173,0.097476
48.885,2.23935
46.4243,0.863395
45.635,4.8559
45.7607,4.90634
43.3352,5.17179
48.04,7.13931
43.1877,0.00698925
45.9195,6.15474
45.5343,2.15197
43.6485,3.83234
44.7869,1.73019
48.8831,2.27555
44.5959,2.06086
48.6691,5.60088
46.5803,1.98652
48.8445,2.42439
45.286,6.88195
49.1376,-0.34939
45.6965,-0.0821056
-20.9031,55.4875
47.7796,4.86036
48.5645,2.42038
47.5423,4.44787
44.3762,2.54549
43.4048,6.06584
48.8784,2.60964
45.4605,4.76417
48.8153,2.31115
46.8842,5.26466
43.1942,5.81185
49.7054,4.94014
41.8925,8.80635
43.103,5.87823
45.4748,4.51649
44.8506,0.496978
45.7859,3.08674
43.4252,6.76837
47.5919,0.909212
47.3898,0.722481
-20.9362,55.2941
43.1265,5.91736
14.7369,-60.965
48.7698,2.52442
49.0937,4.90593
47.2747,-2.20387
49.1148,6.21111
48.9315,2.21177
47.3454,-3.16163
47.3128,5.40764
48.0309,-3.4902
43.7165,7.26807
47.7047,1.51684
48.0692,2.05373
43.6096,2.26056
43.1117,5.8594
48.6161,2.54793
46.2358,1.48104
46.1775,1.90585
16.2255,-61.3828
16.2531,-61.5896
48.7906,5.13626
45.2296,4.95555
45.8989,4.43457
48.893,2.21385
48.8763,1.97748
45.9179,6.86638
48.397,-4.49541
48.629,2.59008
48.5396,2.67334
48.5083,-2.75047
49.1814,-0.366317
48.1074,-1.73923
46.5931,1.5244
48.7893,2.03587
45.4146,4.39407
47.4743,-0.541484
47.9965,-4.10202
-21.0404,55.2548
48.299,-0.91987
-20.9983,55.3287
48.8401,2.30293
-20.9025,55.4873
49.2581,6.13531
-21.0838,55.2689
47.5914,1.32687
48.086,1.23881
48.4998,-2.76442
48.8159,2.32868
43.6262,0.878835
47.2127,-1.55152
43.928,4.79077
42.6319,9.35839
45.7383,4.93587
47.2257,5.9627
45.9602,2.18408
48.8362,2.66268
16.4754,-61.5043
47.903,1.90926
45.7884,4.77561
43.6102,5.75829
47.7799,3.07347
-21.0278,55.5058
47.851,5.33107
44.0296,-0.911203
45.7568,-0.674602
43.7352,4.22685
48.8056,2.57781
48.7097,2.17014
43.7981,6.24564
47.9877,2.44195
48.9472,2.66622
49.0334,2.07573
47.588,1.37481
48.8302,2.53968
14.6148,-61.0951
48.8251,6.50599
49.0627,6.58054
46.5674,4.89282
43.6085,1.38968
50.3558,3.498
15.8495,-61.6433
16.2625,-61.5725
48.7957,2.33268
48.7318,2.44798
48.539,2.66665
-20.9966,55.6762
48.8428,2.41788
45.217,2.33966
44.4432,1.43394
48.5822,7.73556
47.804,3.55563
-20.9338,55.3064
48.7799,2.21803
48.812,2.30212
-20.8885,55.4692
48.5559,6.39671
-21.2746,55.5213
44.7891,-0.657229
48.8108,2.34476
48.5001,2.58276
-21.2223,55.5398
47.2798,4.23048
48.7352,2.41789
43.9495,4.81719
48.8099,2.35795
-21.1507,55.3171
48.2663,2.71008
48.9779,1.7136
49.1834,6.91123
43.1239,6.01042
48.4147,2.70326
-20.9358,55.3312
44.9369,1.60935
44.6284,4.38373
48.897,2.3852
-21.2032,55.3347
45.4872,6.53081
48.5519,7.73563
43.8095,4.63072
45.6669,4.95828
43.2921,5.40207
43.3804,5.35955
48.8928,2.20684
45.7394,4.68324
48.5833,7.74206
45.8142,3.10698
43.3774,5.35925
47.9642,-1.79528
48.0692,2.05373
43.8174,4.3429
48.6277,2.41903
48.1646,2.04255
48.2954,2.41487
48.8728,2.62549
48.5278,2.65024
48.2113,2.01846
48.8318,2.43786
44.2096,-0.920451
43.6065,-0.991438
43.6404,-0.48771
42.7069,2.98976
48.1175,-1.66992
-21.0241,55.2668
-20.993,55.678
48.622,2.49112
48.978,1.91901
48.1171,-1.69592
43.1654,-1.23321
15.9957,-61.7168
45.7872,3.09926
43.1356,6.01953
43.1214,5.93823
43.6922,7.23761
48.8639,1.79643
48.5445,2.63261
43.4542,5.85871
43.1416,6.23435
48.7928,3.23366
48.9798,2.29207
43.4179,6.74258
42.6051,3.03124
46.5632,0.38481
46.2687,6.84015
47.6364,6.13852
48.8652,2.34976
48.1188,-1.64533
43.3331,5.37875
43.696,7.26559
47.2837,5.02142
46.7927,3.12083
47.8864,3.09518
46.7898,3.96998
43.2899,5.40007
47.6098,7.23182
44.7994,1.61809
49.0204,1.15363
48.1023,-1.7078
48.1259,-1.66083
48.0898,-1.65508
49.2709,1.19662
-21.3765,55.6114
-21.2713,55.4389
-20.8943,55.5625
-21.2239,55.3156
42.0035,8.92073
43.8174,6.09321
49.3717,6.14876
48.1254,-1.69323
49.0007,2.16219
-21.1279,55.7929
47.9005,1.92939
50.7064,2.12626
48.0509,2.53673
47.2552,6.79686
48.7662,2.46954
43.602,1.43897
48.28,4.06869
44.8074,-0.575642
14.8684,-61.117
48.8049,2.13494
48.6876,6.17679
45.7805,4.91176
48.6587,6.17253
46.5883,0.377836
16.2362,-61.5263
48.6892,2.30628
47.3325,5.08103
48.8956,-0.199471
45.5428,6.30574
47.7353,3.29504
47.8726,7.03221
49.2002,6.69055
48.9237,6.64316
45.244,-0.252095
46.9513,2.94472
47.3213,5.06977
47.6233,4.3406
47.1038,5.88409
47.1932,5.38984
48.2802,3.21242
48.0017,3.72783
47.583,4.00517
47.8176,3.78267
47.4604,3.5159
48.1322,3.48765
47.1067,6.14484
47.753,-3.35593
48.7276,1.38595
47.1225,1.00188
46.949,2.0022
47.9249,1.92074
48.1707,2.24792
46.7251,2.52948
48.4516,1.51648
46.8881,1.42255
47.4844,2.44811
46.5958,1.8076
47.0723,1.80983
46.9794,1.61074
47.5466,0.539607
47.3221,1.12941
47.4183,1.42616
47.5905,2.02619
42.5495,8.75981
41.6003,9.2777
41.6004,8.92676
47.3152,2.25374
41.938,8.75096
47.7613,2.51981
42.3749,9.52806
49.0487,-1.44546
49.1981,-0.380526
41.9649,9.39796
42.6809,9.43569
50.0484,1.41707
49.4954,0.574415
49.3834,0.202282
48.7402,0.929701
45.6886,-0.305829
46.015,0.672517
43.7572,-0.57169
46.8092,0.414631
49.2822,1.02166
45.9671,-0.963273
45.5446,2.31344
45.6376,0.201666
43.6888,-1.08091
46.8317,-0.385919
45.8128,1.28502
46.9223,-0.7452
44.5085,0.143191
45.8886,0.897567
45.7468,-0.658243
44.4065,0.745913
46.1939,-1.35575
45.6348,-1.06142
45.8269,-1.09835
45.2543,1.75484
45.8286,-0.872371
45.9534,1.75069
46.3155,-0.458929
48.9747,4.34587
45.5234,0.660027
45.8416,1.48482
45.3928,2.49731
45.8932,0.0112903
46.1104,-0.784095
44.1353,0.342078
43.6499,-1.429
44.2015,-1.22794
45.5799,-0.548693
44.8416,-0.602619
46.8192,0.539055
44.8365,-0.605324
44.1039,-0.543485
43.592,-0.745461
44.3871,-1.18284
45.1227,1.72519
45.815,1.22606
46.6805,0.23901
45.6098,0.101876
47.0118,0.0782479
46.2059,-1.17048
44.3922,0.712099
44.182,0.617198
44.8434,0.220543
43.2345,0.0665153
43.3152,1.96212
43.6264,3.87944
46.7167,0.540811
43.8234,4.32086
42.4995,2.04082
42.4843,2.7492
43.6439,3.73874
44.0743,1.52185
44.7375,1.37941
43.4127,3.69848
43.608,3.15058
44.3873,6.65099
43.6756,4.13216
43.7331,3.31809
43.1941,2.75864
43.9325,3.70327
43.8803,0.987316
44.1621,1.53375
43.7071,3.83157
43.5703,3.83534
49.0216,3.03623
43.331,3.18991
44.0437,5.05387
44.571,6.09209
43.5775,4.19057
43.6106,1.09017
48.8978,2.32667
44.9525,1.70526
44.5537,3.29198
43.491,2.75983
43.2854,2.74343
44.5266,2.76079
42.8814,2.185
44.3396,1.20557
44.4312,3.21432
43.7912,3.73291
43.6965,4.27903
44.1082,0.894605
46.9923,3.13853
43.9924,3.60957
47.1951,-1.54743
48.0128,0.177577
46.6577,-1.40457
48.3443,-0.283277
48.7785,2.32436
47.8489,-0.957235
47.6973,-0.0895922
48.0654,-0.772294
48.1828,-0.126216
43.695,5.50729
43.7047,7.26815
43.5514,7.01576
44.56,6.08613
43.2627,5.41234
43.5483,6.44499
43.9457,7.51483
43.2917,5.40299
43.6753,4.62883
43.41,5.05337
43.5379,5.44668
43.301,5.36535
43.7475,5.31476
44.2528,6.9265
44.0117,7.30699
44.0664,7.20231
43.66,7.13797
43.2461,5.42534
43.8466,6.51015
43.7435,7.31373
43.2943,5.56388
43.9974,4.87966
43.8767,5.38271
43.7767,7.50826
43.3794,5.36165
44.3854,4.98875
44.1468,4.82403
43.7481,5.07678
43.7219,7.11101
43.6232,7.05079
43.1261,6.01215
50.6062,3.03473
43.4582,5.47873
43.6271,6.2244
43.9439,4.90814
43.5077,4.96772
43.6574,6.92119
43.3899,6.32051
44.0034,4.92782
43.8835,4.85779
49.9252,4.07401
50.355,3.28617
43.3141,5.36603
43.4084,6.07422
43.6366,5.52222
43.3269,5.41388
50.0666,1.53789
49.2532,2.48301
50.7235,1.64472
50.6062,3.03465
50.6342,3.09587
50.7301,2.26639
49.2686,1.88725
50.6698,3.12831
49.6313,2.2986
50.4395,2.8208
49.4031,2.80901
49.9346,2.93133
50.655,3.15214
49.4507,2.07134
50.6286,3.07382
49.3709,3.33601
50.6285,2.77115
50.7228,1.63007
49.2477,2.46023
49.2746,2.46831
49.9017,3.62617
50.3722,3.08491
50.1808,3.2334
50.4455,3.43375
49.529,3.85641
49.8326,3.90416
50.3734,3.55116
49.5958,3.23693
50.3275,3.07332
50.1568,2.34004
49.2324,2.12576
49.2603,3.09782
50.5497,3.02431
49.6462,3.28938
49.1938,2.47216
49.4274,1.88293
49.973,3.91948
50.1036,2.85692
50.1988,3.84534
50.3009,3.79015
50.0014,2.65366
48.6977,2.13326
50.2785,3.95922
50.3379,3.10238
48.5985,6.4927
49.4387,2.07709
43.7728,-0.427721
48.9137,2.22204
48.8229,2.36369
48.8419,2.30985
49.8974,2.28544
50.3796,3.09229
48.4211,2.15173
48.8401,2.25827
49.0147,2.21317
48.846,2.34486
48.8585,2.37964
48.8034,2.3304
48.8666,2.39517
48.4045,2.46763
48.7002,2.46764
42.6371,9.35193
48.6978,2.50444
48.8507,2.33273
49.7064,2.78367
49.7064,2.78359
47.9762,3.4256
49.6213,-1.61351
44.5816,-0.0332104
48.1923,3.29471
46.3493,2.21466
16.0041,-61.5991
43.0269,1.61917
47.7321,6.83087
45.3707,4.81314
42.6293,2.74971
44.1085,1.09981
45.2969,3.38231
49.2045,-0.357382
49.6128,0.77171
49.1116,6.72429
46.3094,-0.99443
46.5664,0.642697
44.5536,4.72233
48.6239,2.42444
45.515,1.20346
49.3824,2.44009
50.5143,2.13007
45.9959,4.03754
49.5679,3.65016
46.0748,-1.07948
46.828,2.91915
43.9535,4.84338
43.4297,4.94387
43.1372,6.00692
16.0517,-61.5646
47.1314,5.2137
48.9489,4.37143
46.1595,4.16398
43.8995,4.74647
48.629,2.42662
44.1053,3.07428
46.0294,4.3126
47.4816,6.84085
48.3218,0.82179
48.7324,1.35722
43.959,4.76928
43.1054,6.12839
49.1581,5.88272
49.1791,2.45566
47.3532,0.663093
50.8876,2.47735
48.345,0.374618
48.5872,2.24974
43.6127,3.87333
45.6062,4.07925
43.9526,6.89762
43.1075,5.86203
43.2892,5.39612
43.8741,7.00593
47.2246,2.06034
47.5339,6.82761
48.5811,1.24213
47.6259,6.85853
47.5183,6.78932
49.6168,1.53376
47.3843,6.76993
45.1817,5.73061
49.7345,1.43982
46.2299,6.6594
45.7407,4.81641
49.7576,0.386013
48.4363,0.022828
49.7461,0.386192
49.5013,0.169086
49.4811,1.04316
49.4477,1.06327
49.2586,5.93468
45.1715,5.75717
45.7823,4.83035
48.2961,2.20314
45.8634,5.93889
45.9342,6.11774
45.1193,5.67234
45.5406,3.7507
46.0416,4.07585
45.0142,3.90514
48.0095,-4.09997
45.4397,4.38718
46.1047,3.89383
49.5278,5.75398
45.7179,6.57571
14.6187,-60.9953
46.1692,1.88402
44.9336,4.87016
44.7292,4.59413
44.381,4.64157
14.6331,-61.0386
14.7025,-61.1798
45.0231,3.87875
46.1697,1.86618
44.5894,4.53675
48.675,5.88705
44.989,4.58649
44.9235,4.85928
45.7488,5.67974
45.7156,5.69819
44.3457,4.76367
50.6356,3.05587
50.2969,2.7551
50.9622,1.85093
51.0379,2.39565
43.1155,1.62692
49.853,3.3102
50.0095,4.05915
50.0124,3.77883
48.8403,2.21892
46.7832,4.8517
46.307,4.82902
49.5585,3.60291
51.0483,2.39022
50.6513,2.97499
49.5643,3.62978
50.6836,2.86886
50.7223,2.53199
51.0072,2.2889
50.6191,3.07702
49.4325,2.07966
49.78,1.97666
48.9701,2.25717
48.943,2.2547
49.0296,2.45531
48.9816,2.38869
44.9013,1.47762
48.8055,2.41855
48.5699,-3.83061
48.0864,-4.31654
48.6416,-2.01972
48.138,-1.96361
48.0823,-1.67879
48.0552,-1.73228
48.4121,-1.75013
48.7233,2.45023
49.8595,3.31035
49.1967,3.51668
45.5998,4.76553
44.5554,1.33644
48.7782,2.45444
48.548,-2.78771
43.4091,5.21518
49.2532,2.48301
47.8381,1.92462
49.9073,2.29074
49.653,3.29829
50.3865,3.60054
50.3602,3.51218
49.1961,2.57553
45.7985,1.13786
43.3309,5.42704
51.0039,2.38384
46.5598,2.19464
50.1051,3.53562
50.4781,2.48879
49.0297,3.95392
48.643,4.952
48.7927,2.38947
48.7485,2.40945
42.6281,8.92907
46.7474,5.91029
44.8625,1.88892
44.4681,1.48933
44.4513,1.43852
48.2465,7.18432
48.7471,-0.542884
50.2753,3.96977
43.4491,3.05257
42.7884,0.596929
43.6097,1.33014
43.6367,0.587514
44.4447,1.43712
43.1237,0.384758
46.3134,3.28717
48.7975,2.32018
48.7308,2.27139
48.7311,2.27297
48.435,2.16132
48.7129,2.36263
48.7065,2.42333
48.4041,2.46788
43.8277,5.79778
49.1463,0.230798
49.2749,-0.700408
48.7638,2.39644
49.2937,0.999234
44.651,-1.19478
45.5933,5.27489
49.9195,1.0787
48.2663,2.71007
47.903,1.90926
47.592,1.322
47.6001,1.3397
48.9891,1.91118
49.0439,2.10791
44.8282,-0.603878
44.8675,-0.618082
48.926,2.54143
48.9387,2.46365
48.9441,2.36505
43.0865,1.87702
48.9533,2.52455
48.9151,2.42922
48.911,2.38095
48.9537,2.38416
48.9107,2.5461
48.8674,2.53299
5.16353,-52.6448
14.5791,-60.9858
14.471,-60.8692
14.6174,-61.084
15.9894,-61.7251
45.4383,-0.421985
49.9858,3.45429
49.8623,3.26966
48.6418,7.76133
46.3242,-0.466771
46.3284,-0.489942
46.1487,0.295117
45.9262,6.16338
45.944,-0.984537
48.8691,7.69359
49.6478,2.5742
47.7385,7.31946
47.5891,7.56427
48.0987,7.35929
47.9529,7.29265
47.8031,7.16634
48.5762,7.75342
48.5788,7.73945
48.8669,7.19278
48.4831,7.22369
48.8135,7.79238
16.06,-61.7646
45.6074,4.05847
48.2756,6.96575
48.2285,0.133278
45.2008,5.83659
45.1848,5.71774
45.1457,5.71756
49.1324,4.53236
49.2308,6.01003
45.7492,3.07877
45.2972,4.81572
45.2695,5.10894
45.547,3.25232
49.2322,4.01982
49.0733,3.63718
49.3069,3.6815
45.1277,5.59928
44.9228,4.93309
48.7288,4.58088
48.7512,3.99393
47.7269,7.30867
46.1585,-1.14426
16.2601,-61.5888
16.2493,-61.5939
47.0558,-0.896104
47.2903,-2.39621
47.3635,-1.18466
47.718,-1.38837
47.4816,-0.554632
49.4774,5.96016
48.7299,7.0504
49.1138,6.18648
49.3607,6.16429
48.9927,7.30576
46.4284,0.265763
49.1133,6.18639
49.4018,6.16235
49.1073,6.4037
48.5575,5.883
49.1499,6.80504
49.1142,6.15468
43.299,5.37524
43.3095,5.37045
43.5467,5.25663
45.1998,5.74731
45.2001,5.74617
45.1866,5.73645
47.236,6.02358
4.93766,-52.3284
43.1051,-0.423433
5.1633,-52.6526
46.0437,4.05561
4.89405,-52.3291
43.7747,7.49551
43.4601,3.4195
46.005,4.69514
46.2024,6.24669
42.1396,8.59756
44.5551,4.74405
49.8863,2.31141
43.6285,7.10004
45.5747,2.80829
46.1245,3.42695
45.1647,1.54233
44.799,-0.572049
43.8977,-0.501117
45.8142,1.23276
45.636,0.120763
45.6509,0.157115
45.526,4.25364
45.4521,4.39153
46.0325,4.04117
48.0656,-0.782253
45.2703,1.76995
43.4823,-1.48158
44.9062,6.63337
43.7253,5.54805
47.0206,3.08303
47.0648,3.93262
43.8783,7.45135
46.8015,1.70789
46.8316,0.556456
46.5642,0.366681
43.6739,7.00553
43.5156,0.405705
44.7253,3.84068
47.4827,6.78179
43.0554,2.21413
47.1725,3.01758
45.7362,1.74832
45.8239,1.24072
45.1457,0.514085
48.717,2.35879
43.3711,-1.77078
42.8904,1.344
47.258,-1.53135
43.9097,4.00082
48.7722,5.16615
43.2083,2.31997
43.431,0.579551
43.204,2.39441
43.7228,7.25057
48.6566,7.60773
43.1317,6.01595
42.9997,1.13168
42.9643,1.59561
42.8476,1.60726
43.2403,1.57462
42.9695,1.87181
43.5826,1.51223
43.4666,1.33775
43.5741,1.48698
45.0953,3.49383
43.9564,0.379568
45.3391,5.05764
45.5337,4.87999
46.9254,2.40685
42.9201,1.02846
48.9714,4.37206
48.892,2.34488
48.8455,2.36833
48.9166,2.41832
44.8474,0.478761
44.8473,0.478491
43.2523,1.67742
49.1359,4.36493
42.96,1.60973
44.9268,2.44584
48.6186,6.35771
49.4364,5.61506
49.4696,5.92082
48.9126,6.03929
49.6715,5.03722
47.033,2.65217
47.081,2.72824
49.027,1.15138
46.7093,-0.597533
43.2996,-0.376652
45.5835,5.89765
45.731,4.95263
45.6484,0.156225
43.8909,-0.500744
45.1844,0.720627
44.0996,6.23056
42.9602,1.61111
49.2239,4.02645
48.9542,4.37896
16.2703,-61.5255
44.9131,2.42587
43.0242,1.27754
42.9052,1.77643
42.9831,1.14606
43.1004,1.65585
42.9609,1.60928
42.9998,1.70051
42.9602,1.61111
43.2189,1.7323
43.0795,1.36111
43.0372,1.44947
43.0059,1.1254
43.0145,1.61062
-12.7772,45.2312
14.5303,-60.9817
43.1532,1.38478
43.2943,5.37557
43.9787,-0.232271
46.5611,0.379103
44.8512,0.489893
45.2813,1.79381
45.9607,1.40657
16.0047,-61.7298
16.225,-61.3813
16.3345,-61.3473
16.2658,-61.4935
18.0641,-63.0734
16.3427,-61.4542
16.3127,-61.791
43.4649,-0.614097
48.8323,2.28854
48.6495,6.14986
48.9435,2.89992
48.7662,0.628534
48.5225,0.550872
48.4281,0.085023
44.4052,4.12789
46.2759,0.533892
47.8951,3.75764
49.3188,6.10101
48.8156,2.25473
49.1262,2.3704
48.6221,2.1496
46.073,6.30847
44.792,6.5584
47.6385,6.16205
46.5961,0.351813
48.747,-0.0105956
48.5534,-0.424153
48.591,-0.658449
47.1304,4.4828
48.7456,-0.54273
48.432,0.0892535
47.2906,5.05771
49.5344,5.79998
48.5542,2.63188
47.2241,5.98189
45.7284,4.92484
47.2283,6.11515
49.3588,0.0756921
45.1803,0.710665
48.5558,7.76705
44.6792,1.25924
47.6678,3.74293
48.8941,2.28553
48.8438,2.62726
43.7641,7.47863
48.9395,2.496
50.2281,2.11714
45.8949,6.12229
48.5379,7.72465
48.2626,7.43724
47.0137,0.079722
48.8491,2.4747
42.8968,9.40505
44.9119,4.90593
45.5642,5.90799
14.6032,-61.0617
14.5955,-61.0001
48.6818,4.25404
